Due Date,Reminder Title,Tag,Notes
2025-11-07,ğŸ§  Week 45. Day 5: ADM & Human Factors (Spatial Disorientation + CO + Decision Models),PPLStudy,Finish Unit 6 â†’ Retake quiz â†’ Target â‰¥ 86 %
2025-11-08,âœ¡ Week 45. Day 6: ï¸ Shabbat â€” Completed: Weather Theory I/II + ADM & Aeromedical Review,PPLStudy,Studied Unit 7 (Weather) + reviewed ADM/Medical. No action required.
2025-11-09,ğŸŒ¡ Week 45. Day 7: Weather Services I (METAR / TAF decoding),PPLStudy,Gleim Unit 8 Sections 1â€“4 â†’ Retake questions.
2025-11-10,ğŸ—º Week 46. Day 1: Weather Services II (Prog Charts + SIGMET / AIRMET),PPLStudy,Focus weak topics: Prog Charts & SIGMET/AIRMET.
2025-11-11,ğŸ“š Week 46. Day 2: Navigation Charts I (Sectionals + Airspace Altitudes),PPLStudy,Unit 9 Part 1 â†’ Drill Sectional symbology.
2025-11-12,ğŸ§­ Week 46. Day 3: Navigation Charts II (NOTAMs + Chart Supplements),PPLStudy,Re-do NOTAMs & Advisory Circulars; aim â‰¥ 85 %.
2025-11-13,ğŸ“¡ Week 46. Day 4: Navigation Systems (VOR + GPS + Pilotage),PPLStudy,Unit 10 quiz â†’ target â‰¥ 85 %.
2025-11-14,"ğŸ—“ Week 46. Day 5: XC Planning I (Magnetic Course, Wind Correction, E6B)",PPLStudy,Re-calc XC legs; winds/time/fuel.
2025-11-15,âœ¡ Week 46. Day 6: ï¸ Shabbat â€” Light Review (Sectional Legend + Oral Qs),PPLStudy,Quiet review only.
2025-11-15,ğŸ” Week 46. Day 6: TSA Clearance,Admin,For foreign students.
2025-11-16,ğŸ§® Week 46. Day 7: XC Planning II (Time/Fuel/E6B practice),PPLStudy,Timed problems; diversions.
2025-11-17,âš™ Week 47. Day 1: ï¸ Performance & W/B Revisit,PPLStudy,Density Altitude + Crosswind + CG graphs â†’ â‰¥ 90 %.
2025-11-18,"ğŸ“‹ Week 47. Day 2: Regulations Brush-Up (FAR 61/91 essentials, ARROW, privileges/limits, VFR mins)",PPLStudy,Target quick retest â‰¥ 90 %.
2025-11-18,ğŸ’ Week 47. Day 2: Pack flight & study gear,Admin,"Headset, logbook, E6B, kneeboard."
2025-11-19,ğŸ§© Week 47. Day 3: Mock Exams (3Ã— Gleim),Exam,Average â‰¥ 90 %. Flag weak items for morning review.
2025-11-20,âœˆ Week 47. Day 4: ï¸ Travel to Florida â€” Light Flashcards,Admin,PHAK summaries on flight; rest well.
2025-11-20,ğŸ  Week 47. Day 4: Arrange accommodation & transport,Admin,"Confirm hotel/Airbnb, car."
2025-11-21,ğŸ˜´ Week 47. Day 5: Recovery & Jet Lag â€” Light Flashcards Only,Admin,Post-travel rest. Short 20â€“30m flashcards only.
2025-11-22,ğŸ§­ Week 47. Day 6: SkyEagle Orientation / Local Area Familiarization,Admin,Meet instructors â€¢ Syllabus â€¢ Local procedures KFXE/KFLL.
2025-11-23,ğŸ§¾ Week 47. Day 7: Get SIM access at SkyEagle,Admin,Schedule Frasca/Redbird slots.
2025-11-23,ğŸ Week 47. Day 7: FAA PPL Written Exam (KFXE Testing Center),Exam,Bring ID + endorsement + E6B + plotter. Aim â‰¥ 90%.
2025-11-24,âœˆ Week 48. Day 1: ï¸ Pre-solo written test with CFI,Flight,Review Part 61.87.
2025-11-26,âœˆ Week 48. Day 3: ï¸ Solo pattern work,Flight,3 takeoffs/landings full-stop.
2025-11-30,âœˆ Week 48. Day 7: ï¸ Cross-country dual 50 nm,Flight,"Plan, navigate, log."
2025-12-05,âœˆ Week 49. Day 5: ï¸ Solo cross-country,Flight,"â‰¥150 nm, 3 full-stop landings."
2025-12-10,ğŸŒ™ Week 50. Day 3: Night dual flight,Flight,3 TO/LDG + navigation.
2025-12-12,ğŸ– Week 50. Day 5: Short-field & soft-field,Flight,Practice with CFI.
2025-12-14,ğŸš¨ Week 50. Day 7: Emergency procedures,Flight,Simulated engine out.
2025-12-16,ğŸ—£ Week 51. Day 2: Oral prep sessions,Flight,ASA Oral Guide review.
2025-12-18,âœ… Week 51. Day 4: PPL Checkride target,Exam,"Review ACS tasks, DPE checklist."
2025-12-21,ğŸ“¡ Week 51. Day 7: Enroll in IFR ground school,IFR,Gleim + SkyEagle online.
2025-12-22,ğŸ“„ Week 52. Day 1: File IACRA for IFR,IFR,Verify pilot profile.
2025-12-27,ğŸ“˜ Week 52. Day 6: Study Part 61 & 91 IFR sections,IFR,Currency & alternate requirements.
2025-12-30,ğŸ§­ Week 1. Day 2: Learn instrument procedures,IFR,"Holds, intercepts, approaches."
2026-01-02,ğŸ•¹ Week 1. Day 5: Sim sessions,IFR,10 hrs under hood.
2026-01-05,ğŸ§¾ Week 2. Day 1: IFR Written Exam,Exam,Target â‰¥85%.
2026-01-20,ğŸ›© Week 4. Day 2: IFR XC training,IFR,250 nm IFR route.
2026-01-25,âœ… Week 4. Day 7: IFR Checkride,Exam,Schedule DPE early.
2026-01-26,ğŸ“ Week 5. Day 1: Start CPL ground theory,CPL,Jeppesen / Gleim modules.
2026-01-28,ğŸ¯ Week 5. Day 3: Study commercial maneuvers,CPL,"Chandelles, Lazy Eights, 180Â° accuracy."
2026-02-01,âš™ Week 5. Day 7: ï¸ Log complex aircraft time,CPL,Arrow or 172RG.
2026-02-03,ğŸ‘¨ Week 6. Day 2: â€ğŸ« Observe instructor classes,CFI,Shadow CFI lessons.
2026-02-04,ğŸ§³ Week 6. Day 3: Return flight home,Admin,Arrive TLV Feb 5.
